213.pcap;thetibetpost.com
169.pcap;mp3lemon.org
8.pcap;www.torrentsdownload.org
128.pcap;blueskyswimwear.com
67.pcap;blueskyswimwear.com
131.pcap;www.filecrop.com
77.pcap;appspot.com
173.pcap;mp3lemon.org
116.pcap;t.co
109.pcap;www.cannabis.com
20.pcap;excite.co.jp
179.pcap;mp3lemon.org
50.pcap;archive.org
118.pcap;www.cannabis.com
160.pcap;www.crazyshit.com
182.pcap;appspot.com
12.pcap;www.monova.org
139.pcap;drive.google.com
2.pcap;mp3lemon.org
123.pcap;archive.org
22.pcap;sony.co.jp
7.pcap;mp3lemon.org
112.pcap;www.xvideos.com
15.pcap;www.bahai.com
40.pcap;excite.co.jp
120.pcap;archive.org
85.pcap;blueskyswimwear.com
270.pcap;en.wikipedia.org
117.pcap;www.torrentsdownload.org
287.pcap;docs.google.com
215.pcap;thetibetpost.com
11.pcap;t.co
279.pcap;www.monova.org
234.pcap;scribd.com
217.pcap;scribd.com
132.pcap;www.cannabis.com
36.pcap;www.monova.org
14.pcap;excite.co.jp
188.pcap;www.filecrop.com
175.pcap;t.co
98.pcap;www.cannabis.com
185.pcap;mp3lemon.org
193.pcap;excite.co.jp
135.pcap;www.amnesty.org
110.pcap;sony.co.jp
251.pcap;www.watchfreemovies.ch
17.pcap;www.crazyshit.com
107.pcap;excite.co.jp
81.pcap;appspot.com
92.pcap;appspot.com
143.pcap;www.cannabis.com
59.pcap;nicovideo.jp
278.pcap;thetibetpost.com
239.pcap;bitsnoop.com
83.pcap;www.falundafa.org
113.pcap;mp3lemon.org
254.pcap;thetibetpost.com
28.pcap;mp3lemon.org
41.pcap;newalbumreleases.net
232.pcap;mp3lemon.org
149.pcap;bitsnoop.com
296.pcap;thetibetpost.com
181.pcap;blueskyswimwear.com
264.pcap;drive.google.com
268.pcap;sony.co.jp
100.pcap;bitsnoop.com
19.pcap;www.filecrop.com
147.pcap;www.watchfreemovies.ch
9.pcap;torrentfreak.com
196.pcap;en.wikipedia.org
70.pcap;www.amnesty.org
178.pcap;newalbumreleases.net
53.pcap;www.bahai.com
243.pcap;www.watchfreemovies.ch
283.pcap;appspot.com
102.pcap;www.cannabis.com
207.pcap;www.crazyshit.com
255.pcap;www.torrentsdownload.org
106.pcap;nicovideo.jp
65.pcap;t.co
265.pcap;appspot.com
295.pcap;pbworks.com
233.pcap;scribd.com
257.pcap;www.sbs.com.au
229.pcap;mp3lemon.org
74.pcap;www.sbs.com.au
62.pcap;appspot.com
125.pcap;torrentfreak.com
127.pcap;www.falundafa.org
142.pcap;newalbumreleases.net
187.pcap;pbworks.com
31.pcap;en.wikipedia.org
6.pcap;blueskyswimwear.com
289.pcap;bitsnoop.com
167.pcap;archive.org
197.pcap;sony.co.jp
199.pcap;nicovideo.jp
194.pcap;www.watchfreemovies.ch
272.pcap;www.cannabis.com
66.pcap;en.wikipedia.org
198.pcap;www.cannabis.com
105.pcap;mp3lemon.org
27.pcap;torrentfreak.com
21.pcap;www.falundafa.org
3.pcap;docs.google.com
259.pcap;www.archive.org
155.pcap;sony.co.jp
271.pcap;www.xvideos.com
46.pcap;appspot.com
96.pcap;www.sbs.com.au
180.pcap;www.cannabis.com
297.pcap;www.crazyshit.com
184.pcap;www.falundafa.org
24.pcap;appspot.com
263.pcap;www.filecrop.com
191.pcap;www.sbs.com.au
130.pcap;www.filecrop.com
252.pcap;newalbumreleases.net
30.pcap;www.monova.org
148.pcap;nicovideo.jp
99.pcap;drive.google.com
108.pcap;www.openvpn.net
205.pcap;www.sbs.com.au
242.pcap;archive.org
281.pcap;www.bahai.com
250.pcap;nicovideo.jp
45.pcap;scribd.com
111.pcap;scribd.com
133.pcap;torrentfreak.com
291.pcap;archive.org
211.pcap;appspot.com
235.pcap;archive.org
220.pcap;www.amnesty.org
103.pcap;nicovideo.jp
203.pcap;bitsnoop.com
244.pcap;mp3lemon.org
10.pcap;sony.co.jp
69.pcap;drive.google.com
226.pcap;www.xvideos.com
93.pcap;www.sbs.com.au
16.pcap;www.torrentsdownload.org
231.pcap;bitsnoop.com
140.pcap;blueskyswimwear.com
122.pcap;archive.org
35.pcap;t.co
164.pcap;sony.co.jp
90.pcap;www.monova.org
78.pcap;newalbumreleases.net
89.pcap;drive.google.com
82.pcap;pbworks.com
5.pcap;www.filecrop.com
58.pcap;www.torrentsdownload.org
64.pcap;www.torrentsdownload.org
256.pcap;appspot.com
236.pcap;www.torrentsdownload.org
104.pcap;appspot.com
163.pcap;www.amnesty.org
157.pcap;www.filecrop.com
141.pcap;www.archive.org
195.pcap;www.monova.org
223.pcap;www.filecrop.com
238.pcap;newalbumreleases.net
253.pcap;www.crazyshit.com
33.pcap;excite.co.jp
286.pcap;www.archive.org
284.pcap;www.watchfreemovies.ch
165.pcap;www.sbs.com.au
225.pcap;nicovideo.jp
222.pcap;thetibetpost.com
299.pcap;www.archive.org
228.pcap;bitsnoop.com
32.pcap;www.watchfreemovies.ch
192.pcap;www.openvpn.net
176.pcap;www.falundafa.org
80.pcap;scribd.com
293.pcap;www.crazyshit.com
212.pcap;www.openvpn.net
177.pcap;torrentfreak.com
87.pcap;www.archive.org
79.pcap;pbworks.com
158.pcap;www.bahai.com
124.pcap;www.torrentsdownload.org
162.pcap;scribd.com
294.pcap;torrentfreak.com
186.pcap;appspot.com
218.pcap;www.watchfreemovies.ch
269.pcap;www.crazyshit.com
72.pcap;www.filecrop.com
260.pcap;www.openvpn.net
274.pcap;docs.google.com
208.pcap;www.amnesty.org
119.pcap;newalbumreleases.net
47.pcap;appspot.com
300.pcap;appspot.com
43.pcap;appspot.com
25.pcap;www.amnesty.org
18.pcap;www.archive.org
227.pcap;www.cannabis.com
44.pcap;en.wikipedia.org
13.pcap;pbworks.com
275.pcap;blueskyswimwear.com
137.pcap;www.openvpn.net
73.pcap;www.archive.org
91.pcap;www.filecrop.com
60.pcap;scribd.com
298.pcap;sony.co.jp
245.pcap;www.sbs.com.au
262.pcap;t.co
23.pcap;www.cannabis.com
277.pcap;nicovideo.jp
49.pcap;www.bahai.com
144.pcap;pbworks.com
38.pcap;thetibetpost.com
168.pcap;drive.google.com
261.pcap;en.wikipedia.org
1.pcap;www.archive.org
156.pcap;t.co
153.pcap;www.xvideos.com
55.pcap;www.watchfreemovies.ch
154.pcap;www.monova.org
210.pcap;thetibetpost.com
84.pcap;excite.co.jp
276.pcap;appspot.com
121.pcap;excite.co.jp
216.pcap;www.xvideos.com
159.pcap;t.co
280.pcap;mp3lemon.org
150.pcap;bitsnoop.com
51.pcap;scribd.com
282.pcap;www.openvpn.net
145.pcap;www.xvideos.com
86.pcap;www.watchfreemovies.ch
129.pcap;www.bahai.com
240.pcap;www.monova.org
97.pcap;www.bahai.com
221.pcap;sony.co.jp
115.pcap;torrentfreak.com
94.pcap;newalbumreleases.net
42.pcap;www.sbs.com.au
161.pcap;www.amnesty.org
56.pcap;archive.org
273.pcap;www.openvpn.net
134.pcap;thetibetpost.com
39.pcap;archive.org
189.pcap;www.falundafa.org
206.pcap;www.filecrop.com
29.pcap;www.crazyshit.com
166.pcap;www.monova.org
267.pcap;thetibetpost.com
63.pcap;www.crazyshit.com
248.pcap;pbworks.com
171.pcap;docs.google.com
88.pcap;archive.org
68.pcap;excite.co.jp
249.pcap;nicovideo.jp
76.pcap;bitsnoop.com
170.pcap;www.bahai.com
101.pcap;www.crazyshit.com
126.pcap;www.bahai.com
219.pcap;www.amnesty.org
237.pcap;www.torrentsdownload.org
288.pcap;www.amnesty.org
136.pcap;docs.google.com
183.pcap;docs.google.com
214.pcap;www.falundafa.org
71.pcap;www.bahai.com
246.pcap;en.wikipedia.org
224.pcap;www.watchfreemovies.ch
174.pcap;www.monova.org
201.pcap;mp3lemon.org
57.pcap;thetibetpost.com
114.pcap;pbworks.com
190.pcap;t.co
4.pcap;scribd.com
172.pcap;thetibetpost.com
54.pcap;www.openvpn.net
258.pcap;mp3lemon.org
37.pcap;www.crazyshit.com
241.pcap;www.xvideos.com
26.pcap;scribd.com
204.pcap;bitsnoop.com
230.pcap;torrentfreak.com
247.pcap;torrentfreak.com
285.pcap;www.falundafa.org
200.pcap;www.amnesty.org
209.pcap;www.torrentsdownload.org
266.pcap;blueskyswimwear.com
292.pcap;archive.org
152.pcap;appspot.com
138.pcap;blueskyswimwear.com
202.pcap;www.xvideos.com
151.pcap;www.sbs.com.au
95.pcap;torrentfreak.com
34.pcap;t.co
61.pcap;www.falundafa.org
48.pcap;docs.google.com
146.pcap;pbworks.com
290.pcap;archive.org
52.pcap;www.xvideos.com
75.pcap;newalbumreleases.net
